{
  "controller/CreateAttributeGroup-dbg.controller.js": 1765398993586,
  "controller/App.controller.js": 1764916034890,
  "util/TemplatesTableHelper.js": 1765284965248,
  "util/AttributesTableHelper.js": 1765463535711,
  "util/AttributeGroupTableHelper.js": 1765220269517,
  "model/models.js": 1764859692037,
  "model/formatter.js": 1765463535711,
  "controller/Templates.controller.js": 1765398993586,
  "controller/CreateTemplate.controller.js": 1765398993586,
  "controller/CreateAttributes.controller.js": 1765463535711,
  "controller/CreateAttributeGroup.controller.js": 1765398993586,
  "controller/BaseController.js": 1765285356168,
  "controller/Attributes.controller.js": 1765463535711,
  "controller/AttributeGroups.controller.js": 1765398993586,
  "model/data/attributeTypes.json": 1765351762380,
  "manifest.json": 1765284105439,
  "Component.js": 1764859692033,
  "controller/BaseController-dbg.js": 1765285356168,
  "controller/BaseController.js.map": 1765535492012,
  "util/TemplatesTableHelper-dbg.js": 1765284965248,
  "util/TemplatesTableHelper.js.map": 1765535492008,
  "util/AttributesTableHelper-dbg.js": 1765463535711,
  "util/AttributesTableHelper.js.map": 1765535492014,
  "util/AttributeGroupTableHelper-dbg.js": 1765220269517,
  "util/AttributeGroupTableHelper.js.map": 1765535492012,
  "model/models-dbg.js": 1764859692037,
  "model/models.js.map": 1765535492009,
  "model/formatter-dbg.js": 1765463535711,
  "model/formatter.js.map": 1765535492026,
  "controller/Templates-dbg.controller.js": 1765398993586,
  "controller/Templates.controller.js.map": 1765535492022,
  "controller/CreateTemplate-dbg.controller.js": 1765398993586,
  "controller/CreateTemplate.controller.js.map": 1765535492091,
  "controller/CreateAttributes-dbg.controller.js": 1765463535711,
  "controller/CreateAttributes.controller.js.map": 1765535492095,
  "i18n/i18n.properties": 1765534934918,
  "controller/CreateAttributeGroup.controller.js.map": 1765535492094,
  "controller/App-dbg.controller.js": 1764916034890,
  "controller/App.controller.js.map": 1765535492027,
  "controller/Attributes-dbg.controller.js": 1765463535711,
  "controller/Attributes.controller.js.map": 1765535492080,
  "controller/AttributeGroups-dbg.controller.js": 1765398993586,
  "controller/AttributeGroups.controller.js.map": 1765535492092,
  "Component-dbg.js": 1764859692033,
  "Component.js.map": 1765535492093,
  "Component-preload.js": 1765535492267,
  "Component-preload.js.map": 1765535492267,
  "fragments/templates/AddAttributeGroup.fragment.xml": 1765398993590,
  "fragments/attributegroups/AddAttributes.fragment.xml": 1765398993586,
  "view/Templates.view.xml": 1765398993590,
  "view/CreateTemplate.view.xml": 1765221967334,
  "view/CreateAttributes.view.xml": 1765463535711,
  "view/CreateAttributeGroup.view.xml": 1765398993590,
  "view/Attributes.view.xml": 1765463535711,
  "view/AttributeGroups.view.xml": 1765351762380,
  "view/App.view.xml": 1765463535711,
  "fragments/SideNavigation.fragment.xml": 1765221130655,
  "css/style.css": 1764912855427,
  "index.html": 1764859692033
}