{
  "Component-dbg.js": 1765173628107,
  "model/models.js": 1765173628107,
  "util/TemplatesTableHelper.js": 1765518488512,
  "util/AttributesTableHelper.js": 1765518488512,
  "util/AttributeGroupTableHelper.js": 1765263613001,
  "model/data/attributeTypes.json": 1765518488508,
  "model/formatter.js": 1765518488508,
  "controller/Templates.controller.js": 1765518488504,
  "controller/CreateTemplate.controller.js": 1765518488504,
  "controller/CreateAttributes.controller.js": 1765518488504,
  "controller/CreateAttributeGroup.controller.js": 1765518488504,
  "controller/BaseController.js": 1765518488504,
  "controller/Attributes.controller.js": 1765518488504,
  "controller/AttributeGroups.controller.js": 1765518488504,
  "controller/App.controller.js": 1765173628107,
  "manifest.json": 1765173628107,
  "Component.js": 1765173628107,
  "util/TemplatesTableHelper-dbg.js": 1765518488512,
  "util/TemplatesTableHelper.js.map": 1765546225387,
  "model/models-dbg.js": 1765173628107,
  "model/models.js.map": 1765546225400,
  "util/AttributesTableHelper-dbg.js": 1765518488512,
  "util/AttributesTableHelper.js.map": 1765546225389,
  "util/AttributeGroupTableHelper-dbg.js": 1765263613001,
  "util/AttributeGroupTableHelper.js.map": 1765546225412,
  "model/formatter-dbg.js": 1765518488508,
  "model/formatter.js.map": 1765546225402,
  "controller/Templates-dbg.controller.js": 1765518488504,
  "controller/Templates.controller.js.map": 1765546225402,
  "controller/CreateTemplate-dbg.controller.js": 1765518488504,
  "controller/CreateTemplate.controller.js.map": 1765546225505,
  "controller/CreateAttributes-dbg.controller.js": 1765518488504,
  "controller/CreateAttributes.controller.js.map": 1765546225493,
  "controller/CreateAttributeGroup-dbg.controller.js": 1765518488504,
  "controller/CreateAttributeGroup.controller.js.map": 1765546225490,
  "controller/BaseController-dbg.js": 1765518488504,
  "controller/BaseController.js.map": 1765546225469,
  "controller/Attributes-dbg.controller.js": 1765518488504,
  "controller/Attributes.controller.js.map": 1765546225481,
  "controller/AttributeGroups-dbg.controller.js": 1765518488504,
  "controller/AttributeGroups.controller.js.map": 1765546225500,
  "controller/App-dbg.controller.js": 1765173628107,
  "controller/App.controller.js.map": 1765546225493,
  "i18n/i18n.properties": 1765536687887,
  "Component.js.map": 1765546225495,
  "Component-preload.js": 1765546225745,
  "Component-preload.js.map": 1765546225745,
  "fragments/templates/AddAttributeGroup.fragment.xml": 1765518488508,
  "fragments/attributegroups/AddAttributes.fragment.xml": 1765518488508,
  "view/Templates.view.xml": 1765518488512,
  "view/CreateTemplate.view.xml": 1765263613001,
  "view/CreateAttributes.view.xml": 1765518488512,
  "view/CreateAttributeGroup.view.xml": 1765518488512,
  "view/Attributes.view.xml": 1765518488512,
  "view/AttributeGroups.view.xml": 1765518488512,
  "view/App.view.xml": 1765518488512,
  "fragments/SideNavigation.fragment.xml": 1765263613001,
  "css/style.css": 1765173628107,
  "index.html": 1765173628107
}