{
  "css/style.css": 1764912855427,
  "model/formatter.js": 1764928002772,
  "controller/CreateTemplate.controller.js": 1764954235597,
  "controller/CreateAttributes.controller.js": 1764952433970,
  "controller/CreateAttributeGroup.controller.js": 1764951668023,
  "controller/BaseController.js": 1764864207087,
  "controller/Attributes.controller.js": 1764915674225,
  "controller/AttributeGroups.controller.js": 1764941858025,
  "controller/App.controller.js": 1764916034890,
  "model/data/attributeTypes.json": 1764929982718,
  "util/TemplatesTableHelper.js": 1764925893047,
  "util/AttributesTableHelper.js": 1764863352644,
  "util/AttributeGroupTableHelper.js": 1764915578416,
  "model/models.js": 1764859692037,
  "controller/Templates.controller.js": 1764926040141,
  "manifest.json": 1764937652413,
  "Component.js": 1764859692033,
  "controller/App-dbg.controller.js": 1764916034890,
  "controller/App.controller.js.map": 1765025011655,
  "controller/CreateTemplate-dbg.controller.js": 1764954235597,
  "controller/CreateTemplate.controller.js.map": 1765025011705,
  "controller/CreateAttributes-dbg.controller.js": 1764952433970,
  "controller/CreateAttributes.controller.js.map": 1765025011655,
  "controller/CreateAttributeGroup-dbg.controller.js": 1764951668023,
  "controller/CreateAttributeGroup.controller.js.map": 1765025011704,
  "controller/BaseController-dbg.js": 1764864207087,
  "controller/BaseController.js.map": 1765025011695,
  "controller/Attributes-dbg.controller.js": 1764915674225,
  "controller/Attributes.controller.js.map": 1765025011683,
  "controller/AttributeGroups-dbg.controller.js": 1764941858025,
  "controller/AttributeGroups.controller.js.map": 1765025011698,
  "model/formatter-dbg.js": 1764928002772,
  "model/formatter.js.map": 1765025011744,
  "util/TemplatesTableHelper-dbg.js": 1764925893047,
  "util/TemplatesTableHelper.js.map": 1765025011701,
  "util/AttributesTableHelper-dbg.js": 1764863352644,
  "util/AttributesTableHelper.js.map": 1765025011706,
  "util/AttributeGroupTableHelper-dbg.js": 1764915578416,
  "util/AttributeGroupTableHelper.js.map": 1765025011743,
  "model/models-dbg.js": 1764859692037,
  "model/models.js.map": 1765025011742,
  "controller/Templates-dbg.controller.js": 1764926040141,
  "controller/Templates.controller.js.map": 1765025011748,
  "Component-dbg.js": 1764859692033,
  "Component.js.map": 1765025011744,
  "Component-preload.js": 1765025011911,
  "Component-preload.js.map": 1765025011912,
  "fragments/templates/AddAttributeGroup.fragment.xml": 1764938286725,
  "fragments/attributegroups/AddAttributes.fragment.xml": 1764954669295,
  "view/Templates.view.xml": 1764945437997,
  "view/CreateTemplate.view.xml": 1764952154186,
  "view/CreateAttributes.view.xml": 1765014270222,
  "view/CreateAttributeGroup.view.xml": 1764951622551,
  "view/Attributes.view.xml": 1764948711908,
  "view/AttributeGroups.view.xml": 1764946639141,
  "view/App.view.xml": 1765014723044,
  "i18n/i18n.properties": 1764949291376,
  "fragments/SideNavigation.fragment.xml": 1764937914588,
  "index.html": 1764859692033
}