{
  "util/AttributesTableHelper.js": 1764863352644,
  "util/AttributeGroupTableHelper.js": 1764915578416,
  "i18n/i18n.properties": 1764862901259,
  "model/models.js": 1764859692037,
  "controller/BaseController.js": 1764864207087,
  "controller/Attributes.controller.js": 1764915674225,
  "controller/AttributeGroups.controller.js": 1764915667781,
  "controller/App.controller.js": 1764916034890,
  "manifest.json": 1764915816055,
  "Component.js": 1764859692033,
  "util/AttributesTableHelper-dbg.js": 1764863352644,
  "util/AttributesTableHelper.js.map": 1764916387654,
  "util/AttributeGroupTableHelper-dbg.js": 1764915578416,
  "util/AttributeGroupTableHelper.js.map": 1764916387690,
  "model/models-dbg.js": 1764859692037,
  "model/models.js.map": 1764916387646,
  "controller/BaseController-dbg.js": 1764864207087,
  "controller/BaseController.js.map": 1764916387677,
  "controller/Attributes-dbg.controller.js": 1764915674225,
  "controller/Attributes.controller.js.map": 1764916387666,
  "controller/AttributeGroups-dbg.controller.js": 1764915667781,
  "controller/AttributeGroups.controller.js.map": 1764916387672,
  "controller/App-dbg.controller.js": 1764916034890,
  "controller/App.controller.js.map": 1764916387668,
  "Component-dbg.js": 1764859692033,
  "Component.js.map": 1764916387669,
  "Component-preload.js": 1764916387915,
  "Component-preload.js.map": 1764916387915,
  "view/Attributes.view.xml": 1764914997724,
  "view/AttributeGroups.view.xml": 1764915407058,
  "view/App.view.xml": 1764862601770,
  "fragments/SideNavigation.fragment.xml": 1764914393567,
  "css/style.css": 1764912855427,
  "index.html": 1764859692033
}