{
  "model/details.json": 1765019182375,
  "model/contract.json": 1765260529166,
  "util/transaction/ContractHandler.js": 1765260529170,
  "util/DetailsFactory.js": 1765464543183,
  "model/models.js": 1764860253187,
  "i18n/i18n.properties": 1764860261015,
  "util/transaction/ContractManager.js": 1765260529170,
  "controller/Contracts.controller.js": 1765352786448,
  "controller/ContractDetails.controller.js": 1765464938225,
  "controller/BaseController.js": 1765464543183,
  "controller/App.controller.js": 1764860253191,
  "manifest.json": 1765464543183,
  "Component.js": 1764860253183,
  "controller/Contracts-dbg.controller.js": 1765352786448,
  "controller/Contracts.controller.js.map": 1765535495036,
  "util/DetailsFactory-dbg.js": 1765464543183,
  "util/DetailsFactory.js.map": 1765535495020,
  "model/models-dbg.js": 1764860253187,
  "model/models.js.map": 1765535495011,
  "util/transaction/ContractManager-dbg.js": 1765260529170,
  "util/transaction/ContractManager.js.map": 1765535495013,
  "util/transaction/ContractHandler-dbg.js": 1765260529170,
  "util/transaction/ContractHandler.js.map": 1765535495031,
  "controller/ContractDetails-dbg.controller.js": 1765464938225,
  "controller/ContractDetails.controller.js.map": 1765535495048,
  "controller/BaseController-dbg.js": 1765464543183,
  "controller/BaseController.js.map": 1765535495036,
  "controller/App-dbg.controller.js": 1764860253191,
  "controller/App.controller.js.map": 1765535495036,
  "Component-dbg.js": 1764860253183,
  "Component.js.map": 1765535495036,
  "Component-preload.js": 1765535495211,
  "Component-preload.js.map": 1765535495211,
  "view/Contracts.view.xml": 1765352786452,
  "view/ContractDetails.view.xml": 1765352786452,
  "view/App.view.xml": 1764860253191,
  "fragments/Preview.fragment.xml": 1765260529166,
  "fragments/Details.fragment.xml": 1765352786452,
  "fragments/BusyDialog.fragment.xml": 1765352786452,
  "fragments/BasicInformation.fragment.xml": 1765464543183,
  "fragments/Attachments.fragment.xml": 1765464543183,
  "css/style.css": 1765352786448,
  "index.html": 1764860253183
}