{
  "css/style.css": 1764860253191,
  "util/DetailsFactory.js": 1765019803026,
  "util/transaction/ContractHandler.js": 1765023233479,
  "model/models.js": 1764860253187,
  "model/details.json": 1765019182375,
  "model/contract.json": 1765019171107,
  "controller/Contracts.controller.js": 1765015752570,
  "controller/ContractDetails.controller.js": 1765024680278,
  "controller/App.controller.js": 1764860253191,
  "manifest.json": 1765021762112,
  "Component.js": 1764860253183,
  "controller/ContractDetails-dbg.controller.js": 1765024680278,
  "controller/ContractDetails.controller.js.map": 1765025014904,
  "util/transaction/ContractHandler-dbg.js": 1765023233479,
  "util/transaction/ContractHandler.js.map": 1765025014897,
  "model/models-dbg.js": 1764860253187,
  "model/models.js.map": 1765025014886,
  "controller/Contracts-dbg.controller.js": 1765015752570,
  "controller/Contracts.controller.js.map": 1765025014932,
  "util/DetailsFactory-dbg.js": 1765019803026,
  "util/DetailsFactory.js.map": 1765025014900,
  "controller/App-dbg.controller.js": 1764860253191,
  "controller/App.controller.js.map": 1765025014898,
  "Component-dbg.js": 1764860253183,
  "Component.js.map": 1765025014902,
  "Component-preload.js": 1765025015054,
  "Component-preload.js.map": 1765025015054,
  "view/Contracts.view.xml": 1765022773708,
  "view/ContractDetails.view.xml": 1765019677582,
  "view/App.view.xml": 1764860253191,
  "fragments/Preview.fragment.xml": 1765019526930,
  "fragments/Details.fragment.xml": 1765019759006,
  "fragments/BasicInformation.fragment.xml": 1765019592670,
  "fragments/Attachments.fragment.xml": 1765019369427,
  "i18n/i18n.properties": 1764860261015,
  "index.html": 1764860253183
}