{
  "view/App.view.xml": 1765173628111,
  "model/details.json": 1765173628111,
  "util/transaction/ContractHandler.js": 1765263613001,
  "util/DetailsFactory.js": 1765545362305,
  "model/models.js": 1765173628111,
  "util/transaction/ContractManager.js": 1765263613001,
  "model/contract.json": 1765545343149,
  "controller/Contracts.controller.js": 1765545230737,
  "controller/ContractDetails.controller.js": 1765546191940,
  "controller/BaseController.js": 1765545188049,
  "controller/App.controller.js": 1765173628111,
  "manifest.json": 1765518488528,
  "Component.js": 1765173628111,
  "Component-dbg.js": 1765173628111,
  "Component.js.map": 1765546228721,
  "util/DetailsFactory-dbg.js": 1765545362305,
  "util/DetailsFactory.js.map": 1765546228733,
  "model/models-dbg.js": 1765173628111,
  "model/models.js.map": 1765546228719,
  "util/transaction/ContractManager-dbg.js": 1765263613001,
  "util/transaction/ContractManager.js.map": 1765546228721,
  "controller/Contracts-dbg.controller.js": 1765545230737,
  "controller/Contracts.controller.js.map": 1765546228781,
  "controller/ContractDetails-dbg.controller.js": 1765546191940,
  "controller/ContractDetails.controller.js.map": 1765546228803,
  "controller/BaseController-dbg.js": 1765545188049,
  "controller/BaseController.js.map": 1765546228779,
  "controller/App-dbg.controller.js": 1765173628111,
  "controller/App.controller.js.map": 1765546228771,
  "util/transaction/ContractHandler-dbg.js": 1765263613001,
  "util/transaction/ContractHandler.js.map": 1765546228789,
  "Component-preload.js": 1765546228933,
  "Component-preload.js.map": 1765546228933,
  "view/Contracts.view.xml": 1765545400104,
  "view/ContractDetails.view.xml": 1765545486348,
  "i18n/i18n.properties": 1765173628111,
  "fragments/Preview.fragment.xml": 1765545323625,
  "fragments/Details.fragment.xml": 1765545313069,
  "fragments/BusyDialog.fragment.xml": 1765518488528,
  "fragments/BasicInformation.fragment.xml": 1765545289641,
  "fragments/Attachments.fragment.xml": 1765545274145,
  "css/style.css": 1765545246921,
  "index.html": 1765173628111
}