<core:FragmentDefinition xmlns:f="sap.ui.layout.form" xmlns="sap.m"
    xmlns:core="sap.ui.core"
    xmlns:grid="sap.ui.layout.cssgrid">
    
          <f:SimpleForm
      id="contractSimpleForm"
            editable="true"
            title="Contract Information"
            width="98%"
            maxContainerCols="1"
            layout="ResponsiveGridLayout"
            labelSpanL="4" labelSpanM="4" labelSpanS="12"
            adjustLabelSpan="true"
            columnsL="1"
            columnsM="1"
            columnsXL="1"
            class="contractForm"
       
    >
        <f:content>
            <Label text="Contract Title" required="true"/>
            <Input 
                id="contractTitleInput" 
                placeholder="Enter contract title" 
                value="{contractModel>/name}"
                width="500px" 
                required="true"
            />

            <Label text="Contract Number / Reference ID" visible="{= !!${contractModel>/ID} }"/>
            <Input 
                id="contractNumberInput" 
                placeholder="Enter contract ID" 
                value="{contractModel>/ID}" 
                editable="false"
                width="500px"
                visible="{= !!${contractModel>/ID} }"
            />

            <Label text="Contract Type" required="true"/>
            <ComboBox 
                id="contractTypeSelect" 
                placeholder="Please select"
                selectedKey="{contractModel>/templates_ID}" 
                items="{path: '/Templates'}"
                width="500px"
                editable="{= !${contractModel>/ID} }"
                required="true"
            >
                <core:Item key="{ID}" text="{name}" />
            </ComboBox>
            <Label text="Alias" required="true"/>
            <Input 
                id="contractaliasInput" 
                placeholder="Enter contract title" 
                value="{contractModel>/alias}"
                width="500px" 
                required="true"
            />
            <Label text="Description" required="true"/>
            <Input 
                id="contractdescriptionInput" 
                placeholder="Enter contract title" 
                value="{contractModel>/description}"
                width="500px" 
                required="true"
            />
            <Label text="Related Master Agreement"/>
            <Input 
                id="masterAgreementInput" 
                placeholder="Enter reference ID" 
                value="{contractModel>/MasterAgreementID}"
                width="500px"
            />

            <!-- <Label text="Project / Business Unit"/>
            <ComboBox 
                id="businessUnitSelect" 
                selectedKey="{contractModel>/BusinessUnitID}" 
                items="{path: 'contractModel>/ValidBusinessUnits'}"
                width="500px"
            >
                <core:Item key="{contractModel>ID}" text="{contractModel>Name}" />
            </ComboBox> -->
            <Label text="Start Date"></Label>
            <DatePicker                 width="500px"
></DatePicker>
            <Label text="Expiry Date"></Label>
            <DatePicker                 width="500px"
 ></DatePicker>
        </f:content>
    </f:SimpleForm>
</core:FragmentDefinition>